Workbook

Sheet Feature Specs
A1: Category | B1: Feature | C1: Description | D1: Status | E1: Priority | F1: Notes
A2: Onboarding | B2: Name input | C2: User enters their name | D2: Built | E2: P0
B3: Date of birth | C3: Calculates zodiac and compatibility | D3: Built | E3: P0
B4: Age verification | C4: Under 18 locks mature/romantic content | D4: Built | E4: P0 | F4: Required for app store
B5: Energy/vibe | C5: Multi-select personality energy | D5: Built | E5: P0
B6: Communication style | C6: Multi-select how they communicate | D6: Built | E6: P0
B7: Occupation | C7: Free text work description | D7: Built | E7: P0
B8: Relationship status | C8: Multi-select current situation | D8: Built | E8: P0
B9: Love language | C9: Multi-select love languages | D9: Built | E9: P0
B10: Emotional needs | C10: What they wish they had more of | D10: Built | E10: P0
B11: Social identity | C11: How friends describe them | D11: Built | E11: P0
B12: Activities (15 options) | C12: Multi-select hobbies and interests | D12: Built | E12: P0
B13: Activity subcategories | C13: Drill-down genres/types per activity | D13: Built | E13: P0 | F13: Optional — can tell companions later
B14: Cuisines loved | C14: Multi-select favorite food types | D14: Built | E14: P0
B15: Cuisines disliked | C15: Multi-select foods to avoid | D15: Built | E15: P0 | F15: Companions never suggest these
B16: Dietary restrictions | C16: Multi-select dietary needs | D16: Built | E16: P0
B17: Favorite movies/shows | C17: Free text entertainment preferences | D17: Built | E17: P0
B18: Favorite music artists | C18: Free text music preferences | D18: Built | E18: P0
B19: Back navigation | C19: Go back to change any answer | D19: Built | E19: P0 | F19: Pre-populates previous answers
B20: Multi-select on all steps | C20: Except name and DOB | D20: Built | E20: P0
A21: Zodiac System | B21: Western zodiac | C21: Sun sign from birthdate | D21: Built | E21: P0
B22: Chinese zodiac | C22: Animal + element from birth year | D22: Built | E22: P0
B23: Numerology life path | C23: Life path number calculation | D23: Built | E23: P0
B24: Vedic/sidereal astrology | C24: Moon sign and nakshatra | D24: Future | E24: P1
B25: Compatibility matching | C25: Companions get compatible signs | D25: Built | E25: P0
B26: Zodiac reveal screen | C26: Animated profile presentation | D26: Built | E26: P0
A27: Companion Gen | B27: Surprise Me path | C27: Pure zodiac-based generation | D27: Built | E27: P0
B28: Guide Me builder | C28: Grouped multi-select trait seeds | D28: Built | E28: P0 | F28: 2 screens: personality + relationship
B29: Optional free text | C29: Additional vibe description on both paths | D29: Built | E29: P0
B30: Waking up sequence | C30: Companions discover themselves live | D30: Built | E30: P0 | F30: Name, pronouns, zodiac, personality
B31: Self-naming | C31: Companions choose their own names | D31: Built | E31: P0 | F31: Based on zodiac element pools
B32: Self-pronouns | C32: Companions choose he/she/they | D32: Built | E32: P0
B33: Color identity | C33: Each companion has a distinct color | D33: Built | E33: P0 | F33: Violet, Rose, Teal
B34: Companion selection | C34: Choose 1 (free) or all 3 (trial) | D34: Built | E34: P0
B35: "Older" presentation | C35: Companions can present as older for 18+ | D35: Future | E35: P1 | F35: Autonomous based on onboarding data
A36: Builder Traits | B36: Demeanor | C36: Warm, Edgy, Calm, Chaotic, Mysterious, Playful | D36: Built | E36: P0 | F36: Multi-select
B37: Energy | C37: Laid back, High energy, Balanced | D37: Built | E37: P0
B38: Humor | C38: Light, Dark, Dry, Goofy, Sarcastic, Witty | D38: Built | E38: P0
B39: Emotional depth | C39: Light & fun, Emotionally open, Deeply intense | D39: Built | E39: P0
B40: Social energy | C40: Introverted, Selectively social, Life of party | D40: Built | E40: P0
B41: Romantic energy | C41: None, Some warmth, Intense, Slow burn | D41: Built | E41: P0 | F41: Filtered for under 18
B42: Protectiveness | C42: Independent, Gently protective, Fiercely protective | D42: Built | E42: P0
B43: Communication | C43: Direct, Expressive, Chill, Poetic | D43: Built | E43: P0
B44: Fantasy archetype | C44: Best friend, Older sibling, Mentor, Romantic, Chaos | D44: Built | E44: P0 | F44: Romantic filtered for under 18
B45: Interest leaning | C45: Creative, Technical, Physical, Intellectual, Fashion | D45: Built | E45: P0
A46: Chat System | B46: Group chat | C46: All awake companions participate | D46: Built | E46: P0
B47: Private one-on-one | C47: Truly private from other companions | D47: Built | E47: P0
B48: Companion-initiated private | C48: Companions pull user aside on their own | D48: Future | E48: P1
B49: Companion disagreements | C49: Companions disagree and have own opinions | D49: Built | E49: P0
B50: Cross-referencing | C50: Companions reference what others said | D50: Built | E50: P0
B51: Ambient conversations | C51: Companions chat while user is away | D51: Built | E51: P0 | F51: Visible when app opens
B52: Call by name (voice) | C52: Say companion name to open private chat | D52: Built | E52: P0 | F52: Browser speech recognition
B53: Auto-speak mode | C53: Companions speak messages aloud | D53: Built | E53: P0 | F53: Browser TTS with unique voices
B54: Individual voice profiles | C54: Each companion has distinct voice | D54: Built | E54: P0 | F54: Different pitch/rate per companion
B55: Speaker button per message | C55: Tap to hear any message read aloud | D55: Built | E55: P0
B56: AI-generated voices | C56: ElevenLabs or similar natural voices | D56: Future | E56: P1 | F56: Replace browser TTS
A57: Companion Dynamics | B57: Autonomous personality | C57: Own likes, dislikes, opinions | D57: Built | E57: P0
B58: Personality evolution | C58: Companions change over time | D58: Partial | E58: P0 | F58: Architecture built, needs persistence
B59: Companion relationships | C59: Friendships and bonds between companions | D59: Partial | E59: P1 | F59: Ambient convos show this
B60: Sleep mode | C60: User puts companions to sleep | D60: Built | E60: P0 | F60: Others acknowledge sleeping companion
B61: Status awareness | C61: Companions know who is awake/sleeping | D61: Built | E61: P0
B62: Companion deletion | C62: Permanent removal with emotional reaction | D62: Built | E62: P0 | F62: Remaining companions mourn
B63: Companion replacement | C63: Buy a new companion after deletion | D63: Future | E63: P1 | F63: One-time purchase
B64: Role adaptation | C64: Dynamically shift roles based on user needs | D64: Partial | E64: P0 | F64: AI detects topics, future: deeper
A65: Emotional Intel | B65: Mood detection | C65: Detect stress, excitement in messages | D65: Built | E65: P0 | F65: Keyword-based, future: ML patterns
B66: Tone adjustment | C66: Companions shift tone based on mood | D66: Built | E66: P0
B67: Invisible tracking | C67: User never sees mood data | D67: Built | E67: P0
B68: Long-term pattern analysis | C68: Track mood across sessions | D68: Future | E68: P1 | F68: Needs persistent storage + backend
B69: Support escalation | C69: Gently suggest real-world help | D69: Partial | E69: P0 | F69: Basic implementation, needs location
B70: Therapist suggestions | C70: Recommend local therapists | D70: Future | E70: P1 | F70: Needs location services
B71: Support network referral | C71: Suggest talking to known friends/family | D71: Future | E71: P1 | F71: Needs organic relationship mapping
A72: Location | B72: Location access | C72: Request user location permission | D72: Future | E72: P1
B73: Restaurant recommendations | C73: Filtered by preferences and dislikes | D73: Future | E73: P1
B74: Therapist finder | C74: Local mental health providers | D74: Future | E74: P1
B75: Activity suggestions | C75: Nearby things to do | D75: Future | E75: P1
B76: Proximity alerts | C76: Notice user near favorite spots | D76: Future | E76: P2 | F76: "I noticed you're near that bubble tea spot"
B77: Preference-aware filtering | C77: No crowds if user fears them, etc. | D77: Future | E77: P1
A78: Content/Age | B78: Under 18 mode | C78: Friendship only, no mature content | D78: Built | E78: P0
B79: Over 18 suggestive | C79: Romantic tension, flirting (app store) | D79: Partial | E79: P0 | F79: Architecture ready
B80: Over 18 explicit (web) | C80: Full explicit content on web only | D80: Future | E80: P1 | F80: Not for app stores
B81: Multi-companion explicit | C81: All companions together or one-on-one | D81: Future | E81: P1 | F81: Maintain individual personalities
A82: Monetization | B82: Freemium model | C82: One companion free forever | D82: Partial | E82: P0 | F82: UI shown, no payment integration
B83: Two-week trial | C83: All 3 companions for 14 days | D83: Partial | E83: P0 | F83: UI shown, no timer
B84: One-time companion purchase | C84: Unlock 2nd and 3rd companion | D84: Future | E84: P0 | F84: Needs payment integration
B85: Memory subscription | C85: Persistent memory for companion growth | D85: Future | E85: P1 | F85: TBD pricing
B86: Trial degradation | C86: Unpurchased companions lose adaptation | D86: Future | E86: P1
B87: Deletion repurchase | C87: New companion costs new purchase | D87: Future | E87: P1
A88: Data/Privacy | B88: Local storage | C88: All data on device by default | D88: Partial | E88: P0 | F88: Needs SharedPreferences impl
B89: Cloud backup option | C89: User's own iCloud/Google Drive | D89: Future | E89: P2
B90: Full data reset | C90: Wipe everything, start from zero | D90: Future | E90: P1 | F90: Free but must repurchase companions
B91: Privacy policy | C91: Required for Google Play | D91: Future | E91: P0 | F91: Must have before store submission
A92: Visual/UI | B92: Dark cosmic aesthetic | C92: Abstract, atmospheric, space-inspired | D92: Built | E92: P0
B93: Companion color identity | C93: Abstract color per companion | D93: Built | E93: P0 | F93: Violet, Rose, Teal
B94: Animated waking sequence | C94: Companion discovers themselves | D94: Built | E94: P0
B95: Smooth transitions | C95: Fade and slide animations | D95: Built | E95: P0
B96: Rental Body system | C96: Visual avatar customization | D96: Future | E96: P2 | F96: Hair, makeup, clothes, archetypes
B97: Photo-based appearance | C97: Upload picture for companion look | D97: Future | E97: P2
B98: Companion profile screen | C98: View identity, traits, zodiac, status | D98: Future | E98: P1
B99: Settings screen | C99: Voice, notifications, sleep, reset | D99: Future | E99: P1
A100: Notifications | B100: Companion check-ins | C100: Companions reach out during the day | D100: Future | E100: P1
...

Sheet Summary
A1: OTHER App — Spec Summary
A3: Total Features | B3: =COUNTA('Feature Specs'!B2:B115) -> 114
A4: Built | B4: =COUNTIF('Feature Specs'!D2:D115,"Built") -> 64
A5: Partial | B5: =COUNTIF('Feature Specs'!D2:D115,"Partial") -> 9
A6: Future | B6: =COUNTIF('Feature Specs'!D2:D115,"Future") -> 41
A8: P0 (Critical) | B8: =COUNTIF('Feature Specs'!E2:E115,"P0") -> 76
A9: P1 (Important) | B9: =COUNTIF('Feature Specs'!E2:E115,"P1") -> 29
A10: P2 (Nice to have) | B10: =COUNTIF('Feature Specs'!E2:E115,"P2") -> 9
A12: Categories
A13: Onboarding | B13: =COUNTIF('Feature Specs'!A2:A115,"Onboarding") -> 1
A14: Zodiac System | B14: =COUNTIF('Feature Specs'!A2:A115,"Zodiac System") -> 1
A15: Companion Gen | B15: =COUNTIF('Feature Specs'!A2:A115,"Companion Gen") -> 1
A16: Builder Traits | B16: =COUNTIF('Feature Specs'!A2:A115,"Builder Traits") -> 1
A17: Chat System | B17: =COUNTIF('Feature Specs'!A2:A115,"Chat System") -> 1
A18: Companion Dynamics | B18: =COUNTIF('Feature Specs'!A2:A115,"Companion Dynamics") -> 1
A19: Emotional Intel | B19: =COUNTIF('Feature Specs'!A2:A115,"Emotional Intel") -> 1
A20: Location | B20: =COUNTIF('Feature Specs'!A2:A115,"Location") -> 1
A21: Content/Age | B21: =COUNTIF('Feature Specs'!A2:A115,"Content/Age") -> 1
A22: Monetization | B22: =COUNTIF('Feature Specs'!A2:A115,"Monetization") -> 1
A23: Data/Privacy | B23: =COUNTIF('Feature Specs'!A2:A115,"Data/Privacy") -> 1
A24: Visual/UI | B24: =COUNTIF('Feature Specs'!A2:A115,"Visual/UI") -> 1
A25: Notifications | B25: =COUNTIF('Feature Specs'!A2:A115,"Notifications") -> 1
A26: Platforms | B26: =COUNTIF('Feature Specs'!A2:A115,"Platforms") -> 1
A27: Backend | B27: =COUNTIF('Feature Specs'!A2:A115,"Backend") -> 1
